date,silver_close,gold_close,dxy_close,gold_ffilled,dxy_ffilled
2021-08-16,23.780000686645508,1786.9000244140625,92.62999725341795,False,False
2021-08-17,23.64800071716309,1785.0,93.12999725341795,False,False
2021-08-18,23.41200065612793,1781.5999755859375,93.13999938964844,False,False
2021-08-19,23.21999931335449,1780.199951171875,93.56999969482422,False,False
2021-08-20,23.104999542236328,1781.0,93.5,False,False
2021-08-23,23.64900016784668,1803.199951171875,92.95999908447266,False,False
2021-08-24,23.88999938964844,1805.5999755859373,92.88999938964844,False,False
2021-08-25,23.770999908447266,1788.199951171875,92.83000183105467,False,False
2021-08-26,23.54599952697754,1792.199951171875,93.05999755859376,False,False
2021-08-27,24.059999465942383,1816.5999755859373,92.69000244140624,False,False
2021-08-30,23.959999084472656,1809.0,92.6500015258789,False,False
2021-08-31,23.959999084472656,1815.0,92.62999725341795,False,False
2021-09-01,24.177000045776367,1813.0999755859373,92.4499969482422,False,False
2021-09-02,23.875,1808.699951171875,92.2300033569336,False,False
2021-09-03,24.761999130249023,1830.9000244140625,92.04000091552734,False,False
2021-09-07,24.333999633789062,1795.9000244140625,92.5199966430664,False,False
2021-09-08,24.011999130249023,1790.699951171875,92.6500015258789,False,False
2021-09-09,24.132999420166016,1797.4000244140625,92.4800033569336,False,False
2021-09-10,23.854999542236328,1789.5999755859375,92.58000183105467,False,False
2021-09-13,23.75300025939941,1792.0,92.62000274658205,False,False
2021-09-14,23.84199905395508,1804.699951171875,92.6500015258789,False,False
2021-09-15,23.75900077819824,1792.4000244140625,92.48999786376952,False,False
2021-09-16,22.75200080871582,1754.5999755859375,92.86000061035156,False,False
2021-09-17,22.295000076293945,1749.4000244140625,93.1999969482422,False,False
2021-09-20,22.163000106811523,1761.800048828125,93.23999786376952,False,False
2021-09-21,22.572999954223636,1776.0,93.1999969482422,False,False
2021-09-22,22.86899948120117,1776.699951171875,93.45999908447266,False,False
2021-09-23,22.642000198364254,1747.699951171875,93.0999984741211,False,False
2021-09-24,22.38800048828125,1749.699951171875,93.33000183105467,False,False
2021-09-27,22.65699958801269,1750.0,93.37999725341795,False,False
2021-09-28,22.43000030517578,1735.800048828125,93.7699966430664,False,False
2021-09-29,21.458999633789062,1721.5,94.33999633789062,False,False
2021-09-30,22.020999908447266,1755.300048828125,94.25,False,False
2021-10-01,22.51000022888184,1757.0,94.04000091552734,False,False
2021-10-04,22.618000030517575,1766.199951171875,93.80999755859376,False,False
2021-10-05,22.582000732421875,1759.5999755859375,93.9800033569336,False,False
2021-10-06,22.506000518798828,1760.5,94.2699966430664,False,False
2021-10-07,22.631999969482425,1757.9000244140625,94.22000122070312,False,False
2021-10-08,22.679000854492188,1756.300048828125,94.06999969482422,False,False
2021-10-11,22.63999938964844,1754.5999755859375,94.31999969482422,False,False
2021-10-12,22.49099922180176,1758.300048828125,94.5199966430664,False,False
2021-10-13,23.14900016784668,1793.699951171875,94.08000183105467,False,False
2021-10-14,23.45599937438965,1796.699951171875,93.95999908447266,False,False
2021-10-15,23.327999114990234,1767.199951171875,93.94000244140624,False,False
2021-10-18,23.243000030517575,1764.800048828125,93.9499969482422,False,False
2021-10-19,23.86199951171875,1769.699951171875,93.79000091552734,False,False
2021-10-20,24.423999786376957,1784.0999755859375,93.55999755859376,False,False
2021-10-21,24.149999618530277,1781.199951171875,93.7699966430664,False,False
2021-10-22,24.429000854492188,1795.5,93.61000061035156,False,False
2021-10-25,24.57200050354004,1806.0,93.80999755859376,False,False
2021-10-26,24.086000442504883,1792.699951171875,93.9499969482422,False,False
2021-10-27,24.18899917602539,1797.9000244140625,93.86000061035156,False,False
2021-10-28,24.117000579833984,1801.5999755859373,93.3499984741211,False,False
2021-10-29,23.94499969482422,1783.0,94.12000274658205,False,False
2021-11-01,24.06399917602539,1795.0999755859375,93.87999725341795,False,False
2021-11-02,23.5,1788.699951171875,94.08999633789062,False,False
2021-11-03,23.22599983215332,1763.5999755859375,93.86000061035156,False,False
2021-11-04,23.9060001373291,1793.0,94.3499984741211,False,False
2021-11-05,24.152000427246094,1816.4000244140625,94.31999969482422,False,False
2021-11-08,24.53700065612793,1827.4000244140625,94.0500030517578,False,False
2021-11-09,24.3129997253418,1830.199951171875,93.95999908447266,False,False
2021-11-10,24.767000198364254,1847.5999755859373,94.8499984741211,False,False
2021-11-11,25.301000595092773,1863.199951171875,95.18000030517578,False,False
2021-11-12,25.3439998626709,1867.9000244140625,95.12999725341795,False,False
2021-11-15,25.10700035095215,1866.0999755859373,95.41000366210938,False,False
2021-11-16,24.944000244140625,1853.5999755859373,95.91999816894533,False,False
2021-11-17,25.16699981689453,1869.699951171875,95.83000183105467,False,False
2021-11-18,24.900999069213867,1861.0,95.54000091552734,False,False
2021-11-19,24.780000686645508,1851.199951171875,96.06999969482422,False,False
2021-11-22,24.29700088500977,1806.0,96.5,False,False
2021-11-23,23.434999465942383,1783.5,96.48999786376952,False,False
2021-11-24,23.496000289916992,1784.0999755859375,96.83999633789062,False,False
2021-11-26,23.10700035095215,1785.300048828125,96.08999633789062,False,False
2021-11-29,22.798999786376957,1782.300048828125,96.33999633789062,False,False
2021-11-30,22.76499938964844,1773.5999755859375,95.98999786376952,False,False
2021-12-01,22.298999786376957,1781.5999755859375,96.0500030517578,False,False
2021-12-02,22.280000686645508,1760.699951171875,96.12999725341795,False,False
2021-12-03,22.44499969482422,1782.0,96.12000274658205,False,False
2021-12-06,22.22800064086914,1777.5,96.29000091552734,False,False
2021-12-07,22.48699951171875,1782.5999755859375,96.37000274658205,False,False
2021-12-08,22.38999938964844,1783.4000244140625,95.88999938964844,False,False
2021-12-09,21.974000930786133,1774.5999755859375,96.2699966430664,False,False
2021-12-10,22.15999984741211,1782.9000244140625,96.0500030517578,False,False
2021-12-13,22.290000915527344,1786.300048828125,96.31999969482422,False,False
2021-12-14,21.886999130249023,1770.4000244140625,96.56999969482422,False,False
2021-12-15,21.507999420166016,1762.5999755859375,96.51000213623048,False,False
2021-12-16,22.45499992370605,1796.5999755859375,96.04000091552734,False,False
2021-12-17,22.506999969482425,1803.800048828125,96.56999969482422,False,False
2021-12-20,22.274999618530277,1793.699951171875,96.5500030517578,False,False
2021-12-21,22.50200080871582,1787.9000244140625,96.48999786376952,False,False
2021-12-22,22.79199981689453,1801.5999755859373,96.08000183105467,False,False
2021-12-23,22.93099975585937,1811.199951171875,96.0199966430664,False,False
2021-12-27,22.97900009155273,1808.0999755859373,96.08999633789062,False,False
2021-12-28,23.11100006103516,1810.199951171875,96.1999969482422,False,False
2021-12-29,22.847999572753903,1805.0999755859373,95.93000030517578,False,False
2021-12-30,23.027999877929688,1812.699951171875,95.97000122070312,False,False
2021-12-31,23.327999114990234,1827.5,95.66999816894533,False,False
2022-01-03,22.790000915527344,1799.4000244140625,96.23999786376952,False,False
2022-01-04,23.038000106811523,1814.0,96.29000091552734,False,False
2022-01-05,23.149999618530277,1824.5999755859373,96.19000244140624,False,False
2022-01-06,22.173999786376957,1788.699951171875,96.25,False,False
2022-01-07,22.393999099731445,1797.0,95.73999786376952,False,False
2022-01-10,22.44599914550781,1798.4000244140625,95.98999786376952,False,False
2022-01-11,22.80599975585937,1818.5999755859373,95.62000274658205,False,False
2022-01-12,23.200000762939453,1827.199951171875,95.0,False,False
2022-01-13,23.155000686645508,1821.199951171875,94.79000091552734,False,False
2022-01-14,22.910999298095703,1816.5,95.16999816894533,False,False
2022-01-18,23.48699951171875,1812.300048828125,95.7300033569336,False,False
2022-01-19,24.22599983215332,1843.0999755859373,95.51000213623048,False,False
2022-01-20,24.711000442504883,1842.5,95.73999786376952,False,False
2022-01-21,24.31399917602539,1831.800048828125,95.63999938964844,False,False
2022-01-24,23.795000076293945,1841.699951171875,95.91999816894533,False,False
2022-01-25,23.895999908447266,1852.699951171875,95.9499969482422,False,False
2022-01-26,23.80699920654297,1829.9000244140625,96.48999786376952,False,False
2022-01-27,22.67300033569336,1793.300048828125,97.26000213623048,False,False
2022-01-28,22.302000045776367,1784.9000244140625,97.2699966430664,False,False
2022-01-31,22.395000457763672,1795.0,96.54000091552734,False,False
2022-02-01,22.59600067138672,1800.300048828125,96.38999938964844,False,False
2022-02-02,22.711000442504883,1809.199951171875,95.94000244140624,False,False
2022-02-03,22.375,1803.0,95.37999725341795,False,False
2022-02-04,22.475000381469727,1806.5999755859373,95.4800033569336,False,False
2022-02-07,23.076000213623047,1820.5999755859373,95.4000015258789,False,False
2022-02-08,23.19499969482422,1826.5999755859373,95.63999938964844,False,False
2022-02-09,23.336000442504883,1835.199951171875,95.48999786376952,False,False
2022-02-10,23.518999099731445,1836.199951171875,95.5500030517578,False,False
2022-02-11,23.36599922180176,1840.800048828125,96.08000183105467,False,False
2022-02-14,23.84499931335449,1868.0,96.37000274658205,False,False
2022-02-15,23.33799934387207,1854.800048828125,95.98999786376952,False,False
2022-02-16,23.60099983215332,1870.199951171875,95.6999969482422,False,False
2022-02-17,23.874000549316406,1900.699951171875,95.8000030517578,False,False
2022-02-18,23.99099922180176,1898.5999755859373,96.04000091552734,False,False
2022-02-22,24.31100082397461,1906.0999755859373,96.02999877929688,False,False
2022-02-23,24.55500030517578,1909.199951171875,96.19000244140624,False,False
2022-02-24,24.68600082397461,1925.0999755859373,97.13999938964844,False,False
2022-02-25,23.996999740600582,1886.5,96.62000274658205,False,False
2022-02-28,24.36100006103516,1899.4000244140625,96.70999908447266,False,False
2022-03-01,25.53400039672852,1942.4000244140625,97.41000366210938,False,False
2022-03-02,25.183000564575195,1920.9000244140625,97.38999938964844,False,False
2022-03-03,25.20499992370605,1934.4000244140625,97.79000091552734,False,False
2022-03-04,25.78199958801269,1965.0999755859373,98.6500015258789,False,False
2022-03-07,25.71299934387207,1993.9000244140625,99.29000091552734,False,False
2022-03-08,26.88800048828125,2040.0999755859373,99.05999755859376,False,False
2022-03-09,25.756999969482425,1985.9000244140625,97.97000122070312,False,False
2022-03-10,26.20199966430664,1998.0999755859373,98.51000213623048,False,False
2022-03-11,26.106000900268555,1982.699951171875,99.12000274658205,False,False
2022-03-14,25.24399948120117,1959.5999755859373,99.05999755859376,False,False
2022-03-15,25.12299919128418,1928.5,99.06999969482422,False,False
2022-03-16,24.670000076293945,1908.0,98.37999725341795,False,False
2022-03-17,25.583999633789062,1942.0999755859373,98.01000213623048,False,False
2022-03-18,25.05500030517578,1928.199951171875,98.2300033569336,False,False
2022-03-21,25.28199958801269,1928.5999755859373,98.5,False,False
2022-03-22,24.88500022888184,1920.699951171875,98.48999786376952,False,False
2022-03-23,25.170000076293945,1936.5999755859373,98.62000274658205,False,False
2022-03-24,25.899999618530277,1961.5999755859373,98.79000091552734,False,False
2022-03-25,25.59499931335449,1953.800048828125,98.80999755859376,False,False
2022-03-28,25.176000595092773,1939.5999755859373,99.08999633789062,False,False
2022-03-29,24.715999603271484,1912.0,98.4000015258789,False,False
2022-03-30,25.10300064086914,1933.5,97.79000091552734,False,False
2022-03-31,25.121000289916992,1949.199951171875,98.30999755859376,False,False
2022-04-01,24.642000198364254,1919.0999755859373,98.62999725341795,False,False
2022-04-04,24.583999633789062,1929.199951171875,98.98999786376952,False,False
2022-04-05,24.527999877929688,1922.9000244140625,99.47000122070312,False,False
2022-04-06,24.45499992370605,1918.4000244140625,99.5999984741211,False,False
2022-04-07,24.732999801635746,1933.800048828125,99.75,False,False
2022-04-08,24.819000244140625,1941.5999755859373,99.8000030517578,False,False
2022-04-11,24.97800064086914,1944.300048828125,99.93000030517578,False,False
2022-04-12,25.725000381469727,1972.0999755859373,100.29000091552734,False,False
2022-04-13,26.020000457763672,1981.0,99.87999725341795,False,False
2022-04-14,25.690000534057617,1970.9000244140625,100.31999969482422,False,False
2022-04-18,26.13999938964844,1982.9000244140625,100.77999877929688,False,False
2022-04-19,25.391000747680664,1955.699951171875,100.95999908447266,False,False
2022-04-20,25.270000457763672,1952.300048828125,100.38999938964844,False,False
2022-04-21,24.621000289916992,1944.9000244140625,100.58000183105467,False,False
2022-04-22,24.256999969482425,1931.0,101.22000122070312,False,False
2022-04-25,23.667999267578125,1893.199951171875,101.75,False,False
2022-04-26,23.54199981689453,1901.4000244140625,102.3000030517578,False,False
2022-04-27,23.45800018310547,1885.9000244140625,102.9499969482422,False,False
2022-04-28,23.128999710083008,1888.699951171875,103.62000274658205,False,False
2022-04-29,23.040000915527344,1909.300048828125,102.95999908447266,False,False
2022-05-02,22.54400062561035,1861.800048828125,103.73999786376952,False,False
2022-05-03,22.621000289916992,1868.800048828125,103.47000122070312,False,False
2022-05-04,22.36199951171875,1867.0,102.58999633789062,False,False
2022-05-05,22.399999618530277,1874.0,103.75,False,False
2022-05-06,22.325000762939453,1881.199951171875,103.66000366210938,False,False
2022-05-09,21.78199958801269,1857.0999755859373,103.6500015258789,False,False
2022-05-10,21.38999938964844,1839.9000244140625,103.91999816894533,False,False
2022-05-11,21.549999237060547,1852.5999755859373,103.8499984741211,False,False
2022-05-12,20.756999969482425,1823.800048828125,104.8499984741211,False,False
2022-05-13,20.983999252319336,1807.4000244140625,104.55999755859376,False,False
2022-05-16,21.53499984741211,1813.5,104.19000244140624,False,False
2022-05-17,21.73699951171875,1818.199951171875,103.36000061035156,False,False
2022-05-18,21.53300094604492,1815.9000244140625,103.80999755859376,False,False
2022-05-19,21.89800071716309,1841.199951171875,102.72000122070312,False,False
2022-05-20,21.66900062561035,1841.800048828125,103.1500015258789,False,False
2022-05-23,21.722999572753903,1847.800048828125,102.08000183105467,False,False
2022-05-24,22.0629997253418,1865.0999755859373,101.86000061035156,False,False
2022-05-25,21.86000061035156,1846.199951171875,102.05999755859376,False,False
2022-05-26,21.94099998474121,1847.4000244140625,101.83000183105467,False,False
2022-05-27,22.059999465942383,1851.300048828125,101.66999816894533,False,False
2022-05-31,21.650999069213867,1842.699951171875,101.75,False,False
2022-06-01,21.88400077819824,1843.300048828125,102.5500030517578,False,False
2022-06-02,22.253999710083008,1866.5,101.7699966430664,False,False
2022-06-03,21.88999938964844,1845.4000244140625,102.13999938964844,False,False
2022-06-06,22.073999404907227,1839.199951171875,102.44000244140624,False,False
2022-06-07,22.15900039672852,1847.5,102.31999969482422,False,False
2022-06-08,22.073999404907227,1851.9000244140625,102.54000091552734,False,False
2022-06-09,21.79700088500977,1848.800048828125,103.22000122070312,False,False
2022-06-10,21.913000106811523,1871.5,104.1500015258789,False,False
2022-06-13,21.23600006103516,1828.0,105.08000183105467,False,False
2022-06-14,20.93600082397461,1809.5,105.5199966430664,False,False
2022-06-15,21.402000427246094,1815.300048828125,105.16000366210938,False,False
2022-06-16,21.867000579833984,1845.699951171875,103.62999725341795,False,False
2022-06-17,21.572999954223636,1835.5999755859373,104.6999969482422,False,False
2022-06-21,21.753999710083008,1834.5999755859373,104.44000244140624,False,False
2022-06-22,21.40699958801269,1834.300048828125,104.1999969482422,False,False
2022-06-23,21.03199958801269,1825.699951171875,104.43000030517578,False,False
2022-06-24,21.11599922180176,1826.5,104.19000244140624,False,False
2022-06-27,21.15900039672852,1820.9000244140625,103.94000244140624,False,False
2022-06-28,20.79700088500977,1817.5,104.51000213623048,False,False
2022-06-29,20.667999267578125,1813.699951171875,105.11000061035156,False,False
2022-06-30,20.28199958801269,1804.0999755859373,104.69000244140624,False,False
2022-07-01,19.597000122070312,1798.9000244140625,105.13999938964844,False,False
2022-07-05,19.052000045776367,1761.800048828125,106.5,False,False
2022-07-06,19.084999084472656,1734.9000244140625,107.0999984741211,False,False
2022-07-07,19.121999740600582,1737.9000244140625,107.12999725341795,False,False
2022-07-08,19.16699981689453,1740.5999755859375,107.01000213623048,False,False
2022-07-11,19.066999435424805,1730.0,108.0199966430664,False,False
2022-07-12,18.89900016784668,1723.300048828125,108.06999969482422,False,False
2022-07-13,19.13800048828125,1734.199951171875,107.95999908447266,False,False
2022-07-14,18.16900062561035,1704.5,108.54000091552734,False,False
2022-07-15,18.54800033569336,1702.4000244140625,108.05999755859376,False,False
2022-07-18,18.791000366210938,1709.199951171875,107.37000274658205,False,False
2022-07-19,18.670000076293945,1710.0,106.68000030517578,False,False
2022-07-20,18.638999938964844,1699.5,107.08000183105467,False,False
2022-07-21,18.687000274658203,1712.699951171875,106.91000366210938,False,False
2022-07-22,18.584999084472656,1727.0999755859375,106.7300033569336,False,False
2022-07-25,18.29400062561035,1719.0,106.4800033569336,False,False
2022-07-26,18.48699951171875,1717.699951171875,107.19000244140624,False,False
2022-07-27,18.55299949645996,1719.0999755859375,106.4499969482422,False,False
2022-07-28,19.82699966430664,1750.300048828125,106.3499984741211,False,False
2022-07-29,20.1560001373291,1762.9000244140625,105.9000015258789,False,False
2022-08-01,20.32200050354004,1769.0,105.4499969482422,False,False
2022-08-02,20.104999542236328,1771.0999755859375,106.23999786376952,False,False
2022-08-03,19.864999771118164,1758.0,106.51000213623048,False,False
2022-08-04,20.099000930786133,1788.5,105.69000244140624,False,False
2022-08-05,19.819000244140625,1772.9000244140625,106.62000274658205,False,False
2022-08-08,20.59199905395508,1786.800048828125,106.44000244140624,False,False
2022-08-09,20.45800018310547,1794.0,106.37000274658205,False,False
2022-08-10,20.718000411987305,1795.5999755859375,105.1999969482422,False,False
2022-08-11,20.326000213623047,1789.699951171875,105.08999633789062,False,False
2022-08-12,20.677000045776367,1798.5999755859375,105.62999725341795,False,False
2022-08-15,20.250999450683597,1781.4000244140625,106.5500030517578,False,False
2022-08-16,20.065000534057617,1773.199951171875,106.5,False,False
2022-08-17,19.711000442504883,1760.300048828125,106.56999969482422,False,False
2022-08-18,19.447999954223636,1755.300048828125,107.4800033569336,False,False
2022-08-19,19.058000564575195,1747.5999755859375,108.16999816894533,False,False
2022-08-22,18.87299919128418,1734.0,109.0500030517578,False,False
2022-08-23,19.011999130249023,1746.800048828125,108.62000274658205,False,False
2022-08-24,18.895000457763672,1747.800048828125,108.68000030517578,False,False
2022-08-25,19.11100006103516,1757.699951171875,108.47000122070312,False,False
2022-08-26,18.739999771118164,1736.0999755859375,108.8000030517578,False,False
2022-08-29,18.55500030517578,1736.5999755859375,108.83999633789062,False,False
2022-08-30,18.15900039672852,1723.199951171875,108.7699966430664,False,False
2022-08-31,17.761999130249023,1712.800048828125,108.6999969482422,False,False
2022-09-01,17.551000595092773,1696.5999755859375,109.69000244140624,False,False
2022-09-02,17.775999069213867,1709.800048828125,109.52999877929688,False,False
2022-09-06,17.795000076293945,1700.4000244140625,110.20999908447266,False,False
2022-09-07,18.136999130249023,1715.300048828125,109.83999633789062,False,False
2022-09-08,18.32999992370605,1708.0,109.70999908447266,False,False
2022-09-09,18.65800094604492,1716.199951171875,109.0,False,False
2022-09-12,19.7549991607666,1728.0999755859375,108.33000183105467,False,False
2022-09-13,19.38999938964844,1705.0,109.81999969482422,False,False
2022-09-14,19.47100067138672,1696.5,109.66000366210938,False,False
2022-09-15,19.174999237060547,1665.4000244140625,109.73999786376952,False,False
2022-09-16,19.29599952697754,1671.699951171875,109.76000213623048,False,False
2022-09-19,19.27300071716309,1666.199951171875,109.73999786376952,False,False
2022-09-20,19.101999282836918,1659.699951171875,110.22000122070312,False,False
2022-09-21,19.410999298095703,1664.5999755859375,110.63999938964844,False,False
2022-09-22,19.54800033569336,1670.800048828125,111.3499984741211,False,False
2022-09-23,18.840999603271484,1645.300048828125,113.19000244140624,False,False
2022-09-26,18.4060001373291,1623.300048828125,114.0999984741211,False,False
2022-09-27,18.256999969482425,1626.699951171875,114.11000061035156,False,False
2022-09-28,18.79599952697754,1660.4000244140625,112.5999984741211,False,False
2022-09-29,18.61100006103516,1658.5,112.25,False,False
2022-09-30,18.959999084472656,1662.4000244140625,112.12000274658205,False,False
2022-10-03,20.518999099731445,1692.9000244140625,111.75,False,False
2022-10-04,21.03700065612793,1721.0999755859375,110.06999969482422,False,False
2022-10-05,20.47900009155273,1711.4000244140625,111.06999969482422,False,False
2022-10-06,20.59499931335449,1711.699951171875,112.26000213623048,False,False
2022-10-07,20.191999435424805,1700.5,112.8000030517578,False,False
2022-10-10,19.55599975585937,1667.300048828125,113.13999938964844,False,False
2022-10-11,19.427000045776367,1678.699951171875,113.22000122070312,False,False
2022-10-12,18.87800025939941,1670.300048828125,113.31999969482422,False,False
2022-10-13,18.857999801635746,1670.0,112.36000061035156,False,False
2022-10-14,18.01499938964844,1641.699951171875,113.30999755859376,False,False
2022-10-17,18.673999786376957,1657.0,112.04000091552734,False,False
2022-10-18,18.57099914550781,1649.0,112.12999725341795,False,False
2022-10-19,18.336000442504883,1627.5,112.9800033569336,False,False
2022-10-20,18.666000366210938,1630.800048828125,112.87999725341795,False,False
2022-10-21,19.042999267578125,1651.0,112.01000213623048,False,False
2022-10-24,19.173999786376957,1648.699951171875,111.98999786376952,False,False
2022-10-25,19.339000701904297,1652.800048828125,110.9499969482422,False,False
2022-10-26,19.479999542236328,1664.0,109.6999969482422,False,False
2022-10-27,19.47800064086914,1660.699951171875,110.58999633789062,False,False
2022-10-28,19.14699935913086,1639.5999755859375,110.66999816894533,False,False
2022-10-31,19.125,1635.9000244140625,111.52999877929688,False,False
2022-11-01,19.67300033569336,1645.0,111.4800033569336,False,False
2022-11-02,19.600000381469727,1645.699951171875,111.3499984741211,False,False
2022-11-03,19.43600082397461,1627.300048828125,112.93000030517578,False,False
2022-11-04,20.790000915527344,1672.5,110.87999725341795,False,False
2022-11-07,20.89800071716309,1676.5,110.12000274658205,False,False
2022-11-08,21.476999282836918,1712.0999755859375,109.62000274658205,False,False
2022-11-09,21.29800033569336,1710.0999755859375,110.5500030517578,False,False
2022-11-10,21.677000045776367,1750.300048828125,108.20999908447266,False,False
2022-11-11,21.645999908447266,1766.0,106.29000091552734,False,False
2022-11-14,22.09199905395508,1773.5999755859375,106.66000366210938,False,False
2022-11-15,21.499000549316406,1773.800048828125,106.4000015258789,False,False
2022-11-16,21.503999710083008,1773.0,106.27999877929688,False,False
2022-11-17,20.95499992370605,1760.800048828125,106.69000244140624,False,False
2022-11-18,20.97599983215332,1751.9000244140625,106.93000030517578,False,False
2022-11-21,20.849000930786133,1737.4000244140625,107.83999633789062,False,False
2022-11-22,21.03400039672852,1738.300048828125,107.22000122070312,False,False
2022-11-23,21.35700035095215,1744.9000244140625,106.08000183105467,False,False
2022-11-25,21.424999237060547,1753.300048828125,105.95999908447266,False,False
2022-11-28,20.90999984741211,1740.0999755859375,106.68000030517578,False,False
2022-11-29,21.20400047302246,1748.4000244140625,106.81999969482422,False,False
2022-11-30,21.549999237060547,1746.0,105.9499969482422,False,False
2022-12-01,22.636999130249023,1801.0999755859375,104.7300033569336,False,False
2022-12-02,23.038000106811523,1795.9000244140625,104.5500030517578,False,False
2022-12-05,22.198999404907227,1767.4000244140625,105.29000091552734,False,False
2022-12-06,22.12299919128418,1769.300048828125,105.58000183105467,False,False
2022-12-07,22.709999084472656,1785.5,105.0999984741211,False,False
2022-12-08,23.0629997253418,1788.699951171875,104.7699966430664,False,False
2022-12-09,23.53499984741211,1798.0999755859375,104.80999755859376,False,False
2022-12-12,23.21999931335449,1780.5,105.12999725341795,False,False
2022-12-13,23.801000595092773,1813.9000244140625,103.9800033569336,False,False
2022-12-14,23.94599914550781,1807.5,103.7699966430664,False,False
2022-12-15,23.12800025939941,1777.199951171875,104.55999755859376,False,False
2022-12-16,23.150999069213867,1790.0,104.6999969482422,False,False
2022-12-19,23.02899932861328,1787.699951171875,104.72000122070312,False,False
2022-12-20,24.0939998626709,1815.9000244140625,103.97000122070312,False,False
2022-12-21,24.03499984741211,1815.9000244140625,104.16000366210938,False,False
2022-12-22,23.47599983215332,1787.0,104.43000030517578,False,False
2022-12-23,23.763999938964844,1795.9000244140625,104.30999755859376,False,False
2022-12-27,24.040000915527344,1814.800048828125,104.18000030517578,False,False
2022-12-28,23.663000106811523,1807.9000244140625,104.45999908447266,False,False
2022-12-29,24.077999114990234,1819.5,103.83999633789062,False,False
2022-12-30,23.86199951171875,1819.699951171875,103.5199966430664,False,False
2023-01-03,24.05900001525879,1839.699951171875,104.5199966430664,False,False
2023-01-04,23.79199981689453,1852.800048828125,104.25,False,False
2023-01-05,23.257999420166016,1834.800048828125,105.04000091552734,False,False
2023-01-06,23.82200050354004,1864.199951171875,103.87999725341795,False,False
2023-01-09,23.71199989318848,1872.699951171875,103.0,False,False
2023-01-10,23.506999969482425,1871.5999755859373,103.23999786376952,False,False
2023-01-11,23.32699966430664,1874.5999755859373,103.19000244140624,False,False
2023-01-12,23.863000869750977,1895.5,102.25,False,False
2023-01-13,24.231000900268555,1918.4000244140625,102.1999969482422,False,False
2023-01-17,23.944000244140625,1907.199951171875,102.38999938964844,False,False
2023-01-18,23.530000686645508,1904.4000244140625,102.36000061035156,False,False
2023-01-19,23.753999710083008,1922.0999755859373,102.05999755859376,False,False
2023-01-20,23.82999992370605,1926.4000244140625,102.01000213623048,False,False
2023-01-23,23.45199966430664,1927.0999755859373,102.13999938964844,False,False
2023-01-24,23.64900016784668,1933.9000244140625,101.91999816894533,False,False
2023-01-25,23.839000701904297,1941.199951171875,101.63999938964844,False,False
2023-01-26,23.93000030517578,1929.0999755859373,101.83999633789062,False,False
2023-01-27,23.527000427246094,1928.5999755859373,101.93000030517578,False,False
2023-01-30,23.645000457763672,1922.9000244140625,102.27999877929688,False,False
2023-01-31,23.74799919128418,1929.5,102.0999984741211,False,False
2023-02-01,23.520999908447266,1927.800048828125,101.22000122070312,False,False
2023-02-02,23.53400039672852,1916.300048828125,101.75,False,False
2023-02-03,22.333999633789062,1862.9000244140625,102.91999816894533,False,False
2023-02-06,22.177000045776367,1866.199951171875,103.62000274658205,False,False
2023-02-07,22.117000579833984,1871.699951171875,103.43000030517578,False,False
2023-02-08,22.367000579833984,1877.4000244140625,103.41000366210938,False,False
2023-02-09,22.097000122070312,1866.199951171875,103.22000122070312,False,False
2023-02-10,22.03400039672852,1862.800048828125,103.62999725341795,False,False
2023-02-13,21.81800079345703,1851.9000244140625,103.3499984741211,False,False
2023-02-14,21.84199905395508,1854.0,103.2300033569336,False,False
2023-02-15,21.54599952697754,1834.199951171875,103.91999816894533,False,False
2023-02-16,21.68400001525879,1842.0,103.86000061035156,False,False
2023-02-17,21.694000244140625,1840.4000244140625,103.86000061035156,False,False
2023-02-21,21.86899948120117,1833.0,104.18000030517578,False,False
2023-02-22,21.660999298095703,1832.0,104.58999633789062,False,False
2023-02-23,21.298999786376957,1818.0,104.5999984741211,False,False
2023-02-24,20.80599975585937,1808.800048828125,105.20999908447266,False,False
2023-02-27,20.670000076293945,1817.0,104.66999816894533,False,False
2023-02-28,20.961000442504883,1828.9000244140625,104.87000274658205,False,False
2023-03-01,20.958999633789062,1837.699951171875,104.4800033569336,False,False
2023-03-02,20.766000747680664,1833.5,105.02999877929688,False,False
2023-03-03,21.093000411987305,1847.699951171875,104.5199966430664,False,False
2023-03-06,20.983999252319336,1847.9000244140625,104.3499984741211,False,False
2023-03-07,20.054000854492188,1813.9000244140625,105.62000274658205,False,False
2023-03-08,20.0049991607666,1812.699951171875,105.66000366210938,False,False
2023-03-09,20.024999618530277,1829.300048828125,105.30999755859376,False,False
2023-03-10,20.375,1862.0,104.58000183105467,False,False
2023-03-13,21.792999267578125,1911.699951171875,103.5999984741211,False,False
2023-03-14,21.929000854492188,1906.199951171875,103.5999984741211,False,False
2023-03-15,21.77400016784668,1926.5999755859373,104.6500015258789,False,False
2023-03-16,21.58799934387207,1919.0,104.41999816894533,False,False
2023-03-17,22.35099983215332,1969.800048828125,103.70999908447266,False,False
2023-03-20,22.53300094604492,1979.199951171875,103.27999877929688,False,False
2023-03-21,22.323999404907227,1938.0,103.26000213623048,False,False
2023-03-22,22.674999237060547,1946.800048828125,102.3499984741211,False,False
2023-03-23,23.143999099731445,1993.800048828125,102.52999877929688,False,False
2023-03-24,23.246999740600582,1982.0999755859373,103.12000274658205,False,False
2023-03-27,23.054000854492188,1952.4000244140625,102.86000061035156,False,False
2023-03-28,23.323999404907227,1972.4000244140625,102.43000030517578,False,False
2023-03-29,23.375999450683597,1966.0999755859373,102.63999938964844,False,False
2023-03-30,23.902000427246094,1980.300048828125,102.13999938964844,False,False
2023-03-31,24.076000213623047,1969.0,102.51000213623048,False,False
2023-04-03,23.94099998474121,1983.9000244140625,102.08999633789062,False,False
2023-04-04,25.02199935913086,2022.199951171875,101.58999633789062,False,False
2023-04-05,24.96299934387207,2020.9000244140625,101.8499984741211,False,False
2023-04-06,25.024999618530277,2011.9000244140625,101.81999969482422,False,False
2023-04-10,24.84600067138672,1989.0999755859373,102.58000183105467,False,False
2023-04-11,25.131000518798828,2004.800048828125,102.1999969482422,False,False
2023-04-12,25.40399932861328,2010.9000244140625,101.5,False,False
2023-04-13,25.874000549316406,2041.300048828125,101.01000213623048,False,False
2023-04-14,25.423999786376957,2002.199951171875,101.5500030517578,False,False
2023-04-17,25.05299949645996,1994.199951171875,102.0999984741211,False,False
2023-04-18,25.24799919128418,2007.4000244140625,101.75,False,False
2023-04-19,25.36599922180176,1995.199951171875,101.97000122070312,False,False
2023-04-20,25.368000030517575,2007.5999755859373,101.83999633789062,False,False
2023-04-21,25.05299949645996,1979.5,101.81999969482422,False,False
2023-04-24,25.30599975585937,1989.0999755859373,101.3499984741211,False,False
2023-04-25,24.87700080871582,1994.0,101.86000061035156,False,False
2023-04-26,24.871000289916992,1985.699951171875,101.47000122070312,False,False
2023-04-27,24.982999801635746,1989.9000244140625,101.5,False,False
2023-04-28,24.999000549316406,1990.0999755859373,101.66999816894533,False,False
2023-05-01,25.00900077819824,1983.4000244140625,102.1500015258789,False,False
2023-05-02,25.40399932861328,2014.300048828125,101.95999908447266,False,False
2023-05-03,25.47599983215332,2028.5999755859373,101.33999633789062,False,False
2023-05-04,26.03499984741211,2048.0,101.4000015258789,False,False
2023-05-05,25.743000030517575,2017.4000244140625,101.20999908447266,False,False
2023-05-08,25.63599967956543,2026.300048828125,101.37000274658205,False,False
2023-05-09,25.697999954223636,2036.199951171875,101.63999938964844,False,False
2023-05-10,25.461000442504883,2030.5,101.4800033569336,False,False
2023-05-11,24.2549991607666,2014.699951171875,102.05999755859376,False,False
2023-05-12,23.992000579833984,2014.5,102.68000030517578,False,False
2023-05-15,24.12700080871582,2018.0,102.43000030517578,False,False
2023-05-16,23.73699951171875,1988.4000244140625,102.55999755859376,False,False
2023-05-17,23.75200080871582,1980.699951171875,102.87999725341795,False,False
2023-05-18,23.4950008392334,1956.5,103.58000183105467,False,False
2023-05-19,23.920000076293945,1978.699951171875,103.1999969482422,False,False
2023-05-22,23.71500015258789,1974.800048828125,103.1999969482422,False,False
2023-05-23,23.474000930786133,1972.4000244140625,103.48999786376952,False,False
2023-05-24,23.114999771118164,1962.800048828125,103.88999938964844,False,False
2023-05-25,22.785999298095703,1943.0999755859373,104.20999908447266,False,False
2023-05-26,23.239999771118164,1944.0999755859373,104.20999908447266,False,False
2023-05-30,23.125,1958.0,104.16999816894533,False,False
2023-05-31,23.474000930786133,1963.9000244140625,104.31999969482422,False,False
2023-06-01,23.875,1978.0,103.55999755859376,False,False
2023-06-02,23.64299964904785,1952.4000244140625,104.0199966430664,False,False
2023-06-05,23.53400039672852,1958.0,104.0,False,False
2023-06-06,23.573999404907227,1965.5,104.12999725341795,False,False
2023-06-07,23.43899917602539,1942.699951171875,104.0999984741211,False,False
2023-06-08,24.263999938964844,1963.5999755859373,103.33999633789062,False,False
2023-06-09,24.333999633789062,1962.199951171875,103.55999755859376,False,False
2023-06-12,23.98500061035156,1955.300048828125,103.62999725341795,False,False
2023-06-13,23.756000518798828,1944.5999755859373,103.33999633789062,False,False
2023-06-14,24.04400062561035,1955.300048828125,103.01000213623048,False,False
2023-06-15,23.891000747680664,1957.800048828125,102.12000274658205,False,False
2023-06-16,24.076000213623047,1958.4000244140625,102.3000030517578,False,False
2023-06-20,23.19300079345703,1935.5,102.54000091552734,False,False
2023-06-21,22.77400016784668,1933.300048828125,102.06999969482422,False,False
2023-06-22,22.43600082397461,1912.699951171875,102.38999938964844,False,False
2023-06-23,22.327999114990234,1919.0999755859373,102.9000015258789,False,False
2023-06-26,22.80500030517578,1923.699951171875,102.69000244140624,False,False
2023-06-27,22.93899917602539,1914.0,102.48999786376952,False,False
2023-06-28,22.868000030517575,1912.300048828125,102.91000366210938,False,False
2023-06-29,22.590999603271484,1909.199951171875,103.33999633789062,False,False
2023-06-30,22.809999465942383,1921.0999755859373,102.91000366210938,False,False
2023-07-03,22.895999908447266,1921.699951171875,102.98999786376952,False,False
2023-07-05,23.19700050354004,1919.5999755859373,103.37000274658205,False,False
2023-07-06,22.68600082397461,1908.699951171875,103.16999816894533,False,False
2023-07-07,23.09199905395508,1926.199951171875,102.2699966430664,False,False
2023-07-10,23.150999069213867,1925.0,101.97000122070312,False,False
2023-07-11,23.086000442504883,1931.300048828125,101.7300033569336,False,False
2023-07-12,24.11899948120117,1956.199951171875,100.5199966430664,False,False
2023-07-13,24.76799964904785,1959.199951171875,99.7699966430664,False,False
2023-07-14,25.013999938964844,1960.0999755859373,99.91000366210938,False,False
2023-07-17,24.8439998626709,1952.4000244140625,99.83999633789062,False,False
2023-07-18,25.083999633789062,1977.199951171875,99.94000244140624,False,False
2023-07-19,25.2189998626709,1977.5,100.27999877929688,False,False
2023-07-20,24.80500030517578,1968.300048828125,100.87999725341795,False,False
2023-07-21,24.697999954223636,1964.300048828125,101.06999969482422,False,False
2023-07-24,24.43600082397461,1960.300048828125,101.3499984741211,False,False
2023-07-25,24.68000030517578,1962.0999755859373,101.3499984741211,False,False
2023-07-26,24.825000762939453,1968.9000244140625,100.88999938964844,False,False
2023-07-27,24.23600006103516,1945.4000244140625,101.7699966430664,False,False
2023-07-28,24.3700008392334,1960.4000244140625,101.62000274658205,False,False
2023-07-31,24.85400009155273,1970.5,101.86000061035156,False,False
2023-08-01,24.20800018310547,1940.699951171875,102.3000030517578,False,False
2023-08-02,23.753999710083008,1937.4000244140625,102.58999633789062,False,False
2023-08-03,23.586000442504883,1932.0,102.54000091552734,False,False
2023-08-04,23.617000579833984,1939.5999755859373,102.0199966430664,False,False
2023-08-07,23.142000198364254,1933.5,102.0500030517578,False,False
2023-08-08,22.71699905395508,1924.0999755859373,102.52999877929688,False,False
2023-08-09,22.649999618530277,1915.4000244140625,102.48999786376952,False,False
2023-08-10,22.746000289916992,1914.4000244140625,102.5199966430664,False,False
2023-08-11,22.673999786376957,1912.9000244140625,102.83999633789062,False,False
2023-08-14,22.643999099731445,1910.5999755859373,103.19000244140624,False,False
2023-08-15,22.59499931335449,1902.5,103.20999908447266,False,False
2023-08-16,22.479999542236328,1896.0999755859373,103.41999816894533,False,False
2023-08-17,22.670000076293945,1884.0999755859373,103.44000244140624,False,False
2023-08-18,22.69499969482422,1886.0999755859373,103.37999725341795,False,False
2023-08-21,23.304000854492188,1893.300048828125,103.33000183105467,False,False
2023-08-22,23.420000076293945,1896.4000244140625,103.55999755859376,False,False
2023-08-23,24.363000869750977,1918.5,103.36000061035156,False,False
2023-08-24,24.211000442504883,1918.199951171875,103.9800033569336,False,False
2023-08-25,24.21999931335449,1911.0999755859373,104.08000183105467,False,False
2023-08-28,24.238000869750977,1917.9000244140625,104.05999755859376,False,False
2023-08-29,24.777000427246094,1936.5,103.5500030517578,False,False
2023-08-30,24.733999252319336,1944.300048828125,103.16000366210938,False,False
2023-08-31,24.472000122070312,1938.199951171875,103.62000274658205,False,False
2023-09-01,24.23200035095215,1939.800048828125,104.23999786376952,False,False
2023-09-05,23.558000564575195,1926.199951171875,104.80999755859376,False,False
2023-09-06,23.20599937438965,1918.0999755859373,104.86000061035156,False,False
2023-09-07,22.950000762939453,1917.5,105.05999755859376,False,False
2023-09-08,22.892000198364254,1918.4000244140625,105.08999633789062,False,False
2023-09-11,23.10300064086914,1923.300048828125,104.56999969482422,False,False
2023-09-12,23.12700080871582,1911.300048828125,104.70999908447266,False,False
2023-09-13,22.91200065612793,1909.0999755859373,104.7699966430664,False,False
2023-09-14,22.74799919128418,1910.0,105.41000366210938,False,False
2023-09-15,23.125999450683597,1923.699951171875,105.31999969482422,False,False
2023-09-18,23.23200035095215,1931.5,105.1999969482422,False,False
2023-09-19,23.194000244140625,1932.0,105.1999969482422,False,False
2023-09-20,23.57900047302246,1945.5999755859373,105.16000366210938,False,False
2023-09-21,23.444000244140625,1919.199951171875,105.36000061035156,False,False
2023-09-22,23.59600067138672,1925.4000244140625,105.58000183105467,False,False
2023-09-25,23.145000457763672,1916.5999755859373,106.0,False,False
2023-09-26,22.950000762939453,1900.4000244140625,106.2300033569336,False,False
2023-09-27,22.476999282836918,1871.5999755859373,106.66999816894533,False,False
2023-09-28,22.51499938964844,1860.4000244140625,106.22000122070312,False,False
2023-09-29,22.23600006103516,1848.0999755859373,106.16999816894533,False,False
2023-10-02,21.218000411987305,1830.0,106.9000015258789,False,False
2023-10-03,21.17799949645996,1824.5999755859373,107.0,False,False
2023-10-04,20.95599937438965,1818.5,106.8000030517578,False,False
2023-10-05,20.847999572753903,1816.5999755859373,106.33000183105467,False,False
2023-10-06,21.540000915527344,1830.199951171875,106.04000091552734,False,False
2023-10-09,21.74099922180176,1849.5,106.08000183105467,False,False
2023-10-10,21.775999069213867,1861.0,105.83000183105467,False,False
2023-10-11,21.957000732421875,1872.800048828125,105.81999969482422,False,False
2023-10-12,21.79199981689453,1869.300048828125,106.56999969482422,False,False
2023-10-13,22.726999282836918,1927.4000244140625,106.6500015258789,False,False
2023-10-16,22.61000061035156,1921.0999755859373,106.23999786376952,False,False
2023-10-17,22.863000869750977,1922.699951171875,106.25,False,False
2023-10-18,22.944000244140625,1955.300048828125,106.56999969482422,False,False
2023-10-19,22.886999130249023,1968.4000244140625,106.25,False,False
2023-10-20,23.35099983215332,1982.5,106.16000366210938,False,False
2023-10-23,23.07200050354004,1976.300048828125,105.54000091552734,False,False
2023-10-24,22.979999542236328,1975.0,106.2699966430664,False,False
2023-10-25,22.87700080871582,1984.0999755859373,106.52999877929688,False,False
2023-10-26,22.78700065612793,1987.199951171875,106.5999984741211,False,False
2023-10-27,22.770000457763672,1988.5999755859373,106.55999755859376,False,False
2023-10-30,23.28199958801269,1996.199951171875,106.12000274658205,False,False
2023-10-31,22.840999603271484,1985.199951171875,106.66000366210938,False,False
2023-11-01,22.684999465942383,1978.800048828125,106.87999725341795,False,False
2023-11-02,22.750999450683597,1985.5999755859373,106.12000274658205,False,False
2023-11-03,23.201000213623047,1991.5,105.0199966430664,False,False
2023-11-06,23.14900016784668,1981.5999755859373,105.22000122070312,False,False
2023-11-07,22.507999420166016,1966.800048828125,105.54000091552734,False,False
2023-11-08,22.64699935913086,1951.5,105.58999633789062,False,False
2023-11-09,22.83099937438965,1964.199951171875,105.91000366210938,False,False
2023-11-10,22.21500015258789,1932.5999755859373,105.86000061035156,False,False
2023-11-13,22.298999786376957,1945.5,105.66000366210938,False,False
2023-11-14,23.07900047302246,1961.800048828125,104.11000061035156,False,False
2023-11-15,23.48500061035156,1960.0999755859373,104.38999938964844,False,False
2023-11-16,23.892000198364254,1983.9000244140625,104.37000274658205,False,False
2023-11-17,23.80900001525879,1981.5999755859373,103.81999969482422,False,False
2023-11-20,23.57900047302246,1977.699951171875,103.47000122070312,False,False
2023-11-21,23.843000411987305,1999.300048828125,103.58999633789062,False,False
2023-11-22,23.67200088500977,1991.4000244140625,103.91999816894533,False,False
2023-11-24,24.32900047302246,2002.199951171875,103.4000015258789,False,False
2023-11-27,24.67200088500977,2011.800048828125,103.1999969482422,False,False
2023-11-28,24.93000030517578,2039.699951171875,102.75,False,False
2023-11-29,25.07200050354004,2047.0999755859373,102.7699966430664,False,False
2023-11-30,25.292999267578125,2038.0999755859373,103.5,False,False
2023-12-01,25.499000549316406,2071.0,103.2699966430664,False,False
2023-12-04,24.55500030517578,2024.0999755859373,103.63999938964844,False,False
2023-12-05,24.201000213623047,2018.5,104.0500030517578,False,False
2023-12-06,23.888999938964844,2030.5,104.1500015258789,False,False
2023-12-07,23.73200035095215,2029.9000244140625,103.54000091552734,False,False
2023-12-08,22.97100067138672,1998.300048828125,104.01000213623048,False,False
2023-12-11,22.77300071716309,1978.0,104.0999984741211,False,False
2023-12-12,22.72800064086914,1977.800048828125,103.87000274658205,False,False
2023-12-13,22.638999938964844,1982.300048828125,102.87000274658205,False,False
2023-12-14,24.09600067138672,2030.199951171875,101.95999908447266,False,False
2023-12-15,23.8700008392334,2021.0999755859373,102.5500030517578,False,False
2023-12-18,23.83099937438965,2026.300048828125,102.51000213623048,False,False
2023-12-19,24.040000915527344,2038.4000244140625,102.16999816894533,False,False
2023-12-20,24.347000122070312,2034.5,102.41000366210938,False,False
2023-12-21,24.30699920654297,2039.0999755859373,101.83999633789062,False,False
2023-12-22,24.290000915527344,2057.10009765625,101.6999969482422,False,False
2023-12-26,24.143999099731445,2058.199951171875,101.47000122070312,False,False
2023-12-27,24.375,2081.89990234375,100.98999786376952,False,False
2023-12-28,24.13400077819824,2073.89990234375,101.2300033569336,False,False
2023-12-29,23.85300064086914,2062.39990234375,101.33000183105467,False,False
2024-01-02,23.732999801635746,2064.39990234375,102.1999969482422,False,False
2024-01-03,22.94599914550781,2034.199951171875,102.45999908447266,False,False
2024-01-04,22.98900032043457,2042.300048828125,102.41999816894533,False,False
2024-01-05,23.121999740600582,2042.4000244140625,102.41000366210938,False,False
2024-01-08,23.1200008392334,2026.5999755859373,102.20999908447266,False,False
2024-01-09,22.90399932861328,2026.4000244140625,102.56999969482422,False,False
2024-01-10,22.88400077819824,2021.699951171875,102.36000061035156,False,False
2024-01-11,22.53700065612793,2014.300048828125,102.29000091552734,False,False
2024-01-12,23.16200065612793,2046.699951171875,102.4000015258789,False,False
2024-01-16,22.933000564575195,2026.0,103.36000061035156,False,False
2024-01-17,22.516000747680664,2002.5999755859373,103.4499969482422,False,False
2024-01-18,22.66699981689453,2018.5999755859373,103.54000091552734,False,False
2024-01-19,22.57099914550781,2026.5,103.29000091552734,False,False
2024-01-22,22.163000106811523,2019.800048828125,103.33000183105467,False,False
2024-01-23,22.333999633789062,2023.699951171875,103.62000274658205,False,False
2024-01-24,22.7549991607666,2013.9000244140625,103.23999786376952,False,False
2024-01-25,22.808000564575195,2016.9000244140625,103.56999969482422,False,False
2024-01-26,22.7549991607666,2016.800048828125,103.47000122070312,False,False
2024-01-29,23.13800048828125,2025.199951171875,103.61000061035156,False,False
2024-01-30,23.10700035095215,2031.5,103.4000015258789,False,False
2024-01-31,23.051000595092773,2048.39990234375,103.2699966430664,False,False
2024-02-01,23.1299991607666,2053.0,103.0500030517578,False,False
2024-02-02,22.701000213623047,2036.0999755859373,103.91999816894533,False,False
2024-02-05,22.334999084472656,2025.699951171875,104.4499969482422,False,False
2024-02-06,22.39299964904785,2034.5,104.18000030517578,False,False
2024-02-07,22.277999877929688,2035.199951171875,104.04000091552734,False,False
2024-02-08,22.565000534057617,2032.199951171875,104.1500015258789,False,False
2024-02-09,22.527999877929688,2023.300048828125,104.08000183105467,False,False
2024-02-12,22.708999633789062,2018.199951171875,104.16999816894533,False,False
2024-02-13,22.09600067138672,1992.9000244140625,104.95999908447266,False,False
2024-02-14,22.33099937438965,1990.300048828125,104.72000122070312,False,False
2024-02-15,22.91200065612793,2002.0999755859373,104.3000030517578,False,False
2024-02-16,23.43899917602539,2011.5,104.27999877929688,False,False
2024-02-20,23.106000900268555,2027.5,104.08000183105467,False,False
2024-02-21,22.85099983215332,2022.300048828125,104.01000213623048,False,False
2024-02-22,22.76499938964844,2019.699951171875,103.95999908447266,False,False
2024-02-23,22.9689998626709,2038.5999755859373,103.94000244140624,False,False
2024-02-26,22.517000198364254,2028.5,103.83000183105467,False,False
2024-02-27,22.52300071716309,2034.0,103.83000183105467,False,False
2024-02-28,22.40999984741211,2033.0,103.9800033569336,False,False
2024-02-29,22.666000366210938,2045.699951171875,104.16000366210938,False,False
2024-03-01,23.149999618530277,2086.89990234375,103.86000061035156,False,False
2024-03-04,23.77899932861328,2117.699951171875,103.83000183105467,False,False
2024-03-05,23.76300048828125,2133.5,103.8000030517578,False,False
2024-03-06,24.27199935913086,2150.300048828125,103.37000274658205,False,False
2024-03-07,24.3700008392334,2158.0,102.81999969482422,False,False
2024-03-08,24.339000701904297,2178.60009765625,102.73999786376952,False,False
2024-03-11,24.511999130249023,2182.5,102.87000274658205,False,False
2024-03-12,24.194000244140625,2160.39990234375,102.95999908447266,False,False
2024-03-13,24.958999633789062,2175.39990234375,102.79000091552734,False,False
2024-03-14,24.874000549316406,2163.0,103.36000061035156,False,False
2024-03-15,25.200000762939453,2157.300048828125,103.43000030517578,False,False
2024-03-18,25.090999603271484,2160.699951171875,103.58000183105467,False,False
2024-03-19,24.964000701904297,2156.300048828125,103.80999755859376,False,False
2024-03-20,24.933000564575195,2157.89990234375,103.41000366210938,False,False
2024-03-21,24.849000930786133,2182.39990234375,104.0,False,False
2024-03-22,24.691999435424805,2158.10009765625,104.43000030517578,False,False
2024-03-25,24.7450008392334,2174.800048828125,104.2300033569336,False,False
2024-03-26,24.482999801635746,2175.60009765625,104.29000091552734,False,False
2024-03-27,24.625,2190.60009765625,104.3499984741211,False,False
2024-03-28,24.79700088500977,2217.39990234375,104.5500030517578,False,False
2024-04-01,24.95400047302246,2236.5,105.0199966430664,False,False
2024-04-02,25.804000854492188,2261.0,104.81999969482422,False,False
2024-04-03,26.94499969482422,2294.39990234375,104.25,False,False
2024-04-04,27.13999938964844,2288.800048828125,104.12000274658205,False,False
2024-04-05,27.399999618530277,2325.699951171875,104.3000030517578,False,False
2024-04-08,27.71199989318848,2331.699951171875,104.13999938964844,False,False
2024-04-09,27.891000747680664,2343.5,104.1500015258789,False,False
2024-04-10,27.961000442504883,2329.60009765625,105.25,False,False
2024-04-11,28.176000595092773,2354.800048828125,105.27999877929688,False,False
2024-04-12,28.2549991607666,2356.199951171875,106.04000091552734,False,False
2024-04-15,28.650999069213867,2365.800048828125,106.20999908447266,False,False
2024-04-16,28.31800079345703,2390.800048828125,106.26000213623048,False,False
2024-04-17,28.34600067138672,2371.699951171875,105.9499969482422,False,False
2024-04-18,28.32900047302246,2382.300048828125,106.1500015258789,False,False
2024-04-19,28.808000564575195,2398.39990234375,106.1500015258789,False,False
2024-04-22,27.21299934387207,2332.199951171875,106.08000183105467,False,False
2024-04-23,27.33099937438965,2327.699951171875,105.69000244140624,False,False
2024-04-24,27.323999404907227,2324.5,105.86000061035156,False,False
2024-04-25,27.34199905395508,2329.800048828125,105.5999984741211,False,False
2024-04-26,27.24099922180176,2334.800048828125,105.94000244140624,False,False
2024-04-29,27.37299919128418,2345.39990234375,105.58000183105467,False,False
2024-04-30,26.391000747680664,2291.39990234375,106.22000122070312,False,False
2024-05-01,26.48900032043457,2299.89990234375,105.76000213623048,False,False
2024-05-02,26.58300018310547,2299.199951171875,105.3000030517578,False,False
2024-05-03,26.44499969482422,2299.0,105.02999877929688,False,False
2024-05-06,27.36899948120117,2321.60009765625,105.0500030517578,False,False
2024-05-07,27.30299949645996,2315.199951171875,105.41000366210938,False,False
2024-05-08,27.36100006103516,2313.60009765625,105.5500030517578,False,False
2024-05-09,28.131999969482425,2332.10009765625,105.2300033569336,False,False
2024-05-10,28.274999618530277,2367.300048828125,105.30999755859376,False,False
2024-05-13,28.22100067138672,2336.10009765625,105.22000122070312,False,False
2024-05-14,28.48500061035156,2353.39990234375,105.01000213623048,False,False
2024-05-15,29.513999938964844,2388.699951171875,104.3499984741211,False,False
2024-05-16,29.665000915527344,2380.0,104.45999908447266,False,False
2024-05-17,31.04700088500977,2412.199951171875,104.4499969482422,False,False
2024-05-20,32.20500183105469,2433.89990234375,104.56999969482422,False,False
2024-05-21,31.868000030517575,2421.699951171875,104.66000366210938,False,False
2024-05-22,31.295000076293945,2389.199951171875,104.94000244140624,False,False
2024-05-23,30.28400039672852,2335.0,105.11000061035156,False,False
2024-05-24,30.32999992370605,2332.5,104.72000122070312,False,False
2024-05-28,31.97100067138672,2355.199951171875,104.61000061035156,False,False
2024-05-29,32.202999114990234,2340.300048828125,105.0999984741211,False,False
2024-05-30,31.38800048828125,2342.89990234375,104.72000122070312,False,False
2024-05-31,30.29700088500977,2322.89990234375,104.66999816894533,False,False
2024-06-03,30.641000747680664,2346.60009765625,104.13999938964844,False,False
2024-06-04,29.488000869750977,2325.5,104.11000061035156,False,False
2024-06-05,29.947999954223636,2354.10009765625,104.2699966430664,False,False
2024-06-06,31.246999740600582,2370.300048828125,104.0999984741211,False,False
2024-06-07,29.334999084472656,2305.199951171875,104.88999938964844,False,False
2024-06-10,29.768999099731445,2307.699951171875,105.1500015258789,False,False
2024-06-11,29.132999420166016,2307.5,105.2300033569336,False,False
2024-06-12,30.176000595092773,2336.0,104.6500015258789,False,False
2024-06-13,28.989999771118164,2300.199951171875,105.1999969482422,False,False
2024-06-14,29.402000427246094,2331.39990234375,105.5500030517578,False,False
2024-06-17,29.325000762939453,2312.39990234375,105.31999969482422,False,False
2024-06-18,29.5049991607666,2330.39990234375,105.26000213623048,False,False
2024-06-20,30.775999069213867,2353.800048828125,105.58999633789062,False,False
2024-06-21,29.572999954223636,2316.39990234375,105.8000030517578,False,False
2024-06-24,29.48900032043457,2330.0,105.47000122070312,False,False
2024-06-25,28.83699989318848,2316.60009765625,105.61000061035156,False,False
2024-06-26,28.90900039672852,2299.199951171875,106.0500030517578,False,False
2024-06-27,28.917999267578125,2324.5,105.91000366210938,False,False
2024-06-28,29.23699951171875,2327.699951171875,105.87000274658205,False,False
2024-07-01,29.299999237060547,2327.60009765625,105.9000015258789,False,False
2024-07-02,29.35300064086914,2323.0,105.72000122070312,False,False
2024-07-03,30.54800033569336,2359.800048828125,105.4000015258789,False,False
2024-07-05,31.38800048828125,2388.5,104.87999725341795,False,False
2024-07-08,30.618000030517575,2355.199951171875,105.01000213623048,False,False
2024-07-09,30.77199935913086,2360.10009765625,105.12000274658205,False,False
2024-07-10,30.726999282836918,2372.199951171875,105.0500030517578,False,False
2024-07-11,31.393999099731445,2415.0,104.44000244140624,False,False
2024-07-12,30.88599967956543,2414.0,104.08999633789062,False,False
2024-07-15,30.67200088500977,2422.89990234375,104.19000244140624,False,False
2024-07-16,31.19499969482422,2462.39990234375,104.2699966430664,False,False
2024-07-17,30.136999130249023,2454.800048828125,103.75,False,False
2024-07-18,29.9950008392334,2451.800048828125,104.16999816894533,False,False
2024-07-19,29.08799934387207,2395.5,104.4000015258789,False,False
2024-07-22,29.124000549316406,2392.0,104.30999755859376,False,False
2024-07-23,29.131999969482425,2404.60009765625,104.4499969482422,False,False
2024-07-24,29.11599922180176,2413.300048828125,104.38999938964844,False,False
2024-07-25,27.80699920654297,2351.89990234375,104.36000061035156,False,False
2024-07-26,27.86000061035156,2380.0,104.31999969482422,False,False
2024-07-29,27.702999114990234,2377.300048828125,104.55999755859376,False,False
2024-07-30,28.364999771118164,2405.0,104.5500030517578,False,False
2024-07-31,28.777999877929688,2426.5,104.0999984741211,False,False
2024-08-01,28.33099937438965,2435.0,104.41999816894533,False,False
2024-08-02,28.246000289916992,2425.699951171875,103.20999908447266,False,False
2024-08-05,27.076000213623047,2401.699951171875,102.69000244140624,False,False
2024-08-06,27.09600067138672,2389.10009765625,102.97000122070312,False,False
2024-08-07,26.82999992370605,2390.5,103.1999969482422,False,False
2024-08-08,27.5,2422.199951171875,103.20999908447266,False,False
2024-08-09,27.48699951171875,2432.10009765625,103.13999938964844,False,False
2024-08-12,27.91699981689453,2462.39990234375,103.13999938964844,False,False
2024-08-13,27.69499969482422,2466.699951171875,102.55999755859376,False,False
2024-08-14,27.253999710083008,2439.39990234375,102.56999969482422,False,False
2024-08-15,28.34199905395508,2453.10009765625,102.9800033569336,False,False
2024-08-16,28.777999877929688,2498.60009765625,102.45999908447266,False,False
2024-08-19,29.239999771118164,2501.800048828125,101.88999938964844,False,False
2024-08-20,29.45499992370605,2511.300048828125,101.44000244140624,False,False
2024-08-21,29.47599983215332,2508.39990234375,101.04000091552734,False,False
2024-08-22,29.006000518798828,2478.89990234375,101.51000213623048,False,False
2024-08-23,29.785999298095703,2508.39990234375,100.72000122070312,False,False
2024-08-26,29.976999282836918,2517.699951171875,100.8499984741211,False,False
2024-08-27,29.951000213623047,2516.0,100.5500030517578,False,False
2024-08-28,29.176000595092773,2501.0,101.08999633789062,False,False
2024-08-29,29.55699920654297,2525.699951171875,101.33999633789062,False,False
2024-08-30,28.731000900268555,2493.800048828125,101.6999969482422,False,False
2024-09-03,27.951000213623047,2489.89990234375,101.83000183105467,False,False
2024-09-04,28.16699981689453,2493.39990234375,101.36000061035156,False,False
2024-09-05,28.71999931335449,2511.39990234375,101.11000061035156,False,False
2024-09-06,27.808000564575195,2493.5,101.18000030517578,False,False
2024-09-09,28.291000366210938,2501.800048828125,101.5500030517578,False,False
2024-09-10,28.256999969482425,2512.300048828125,101.62999725341795,False,False
2024-09-11,28.5629997253418,2512.10009765625,101.68000030517578,False,False
2024-09-12,29.743000030517575,2551.199951171875,101.37000274658205,False,False
2024-09-13,30.698999404907227,2581.300048828125,101.11000061035156,False,False
2024-09-16,30.770999908447266,2580.39990234375,100.76000213623048,False,False
2024-09-17,30.61899948120117,2564.300048828125,100.88999938964844,False,False
2024-09-18,30.340999603271484,2570.699951171875,100.5999984741211,False,False
2024-09-19,31.0939998626709,2588.0,100.61000061035156,False,False
2024-09-20,31.176000595092773,2619.89990234375,100.72000122070312,False,False
2024-09-23,30.767000198364254,2626.5,100.91999816894533,False,False
2024-09-24,32.11100006103516,2651.199951171875,100.37000274658205,False,False
2024-09-25,31.697999954223636,2659.199951171875,100.91999816894533,False,False
2024-09-26,32.025001525878906,2669.89990234375,100.55999755859376,False,False
2024-09-27,31.518999099731445,2644.300048828125,100.41999816894533,False,False
2024-09-30,31.16399955749512,2636.10009765625,100.77999877929688,False,False
2024-10-01,31.44499969482422,2667.300048828125,101.19000244140624,False,False
2024-10-02,31.62800025939941,2647.10009765625,101.68000030517578,False,False
2024-10-03,32.18899917602539,2657.10009765625,101.98999786376952,False,False
2024-10-04,32.12799835205078,2645.800048828125,102.5199966430664,False,False
2024-10-07,31.7450008392334,2644.800048828125,102.54000091552734,False,False
2024-10-08,30.354999542236328,2615.0,102.5500030517578,False,False
2024-10-09,30.424999237060547,2606.0,102.93000030517578,False,False
2024-10-10,31.0049991607666,2620.60009765625,102.98999786376952,False,False
2024-10-11,31.520000457763672,2657.60009765625,102.88999938964844,False,False
2024-10-14,31.08300018310547,2647.800048828125,103.3000030517578,False,False
2024-10-15,31.527000427246094,2661.39990234375,103.26000213623048,False,False
2024-10-16,31.76000022888184,2674.0,103.58999633789062,False,False
2024-10-17,31.572999954223636,2691.0,103.83000183105467,False,False
2024-10-18,33.03200149536133,2713.699951171875,103.48999786376952,False,False
2024-10-21,33.86899948120117,2723.10009765625,104.01000213623048,False,False
2024-10-22,34.83100128173828,2744.199951171875,104.08000183105467,False,False
2024-10-23,33.63999938964844,2714.39990234375,104.43000030517578,False,False
2024-10-24,33.61100006103516,2734.89990234375,104.05999755859376,False,False
2024-10-25,33.60300064086914,2740.89990234375,104.26000213623048,False,False
2024-10-28,33.83000183105469,2742.89990234375,104.31999969482422,False,False
2024-10-29,34.26900100708008,2768.39990234375,104.27999877929688,False,False
2024-10-30,33.91400146484375,2788.5,103.98999786376952,False,False
2024-10-31,32.65299987792969,2738.300048828125,103.9800033569336,False,False
2024-11-01,32.54199981689453,2738.60009765625,104.27999877929688,False,False
2024-11-04,32.47999954223633,2736.10009765625,103.88999938964844,False,False
2024-11-05,32.654998779296875,2740.300048828125,103.41999816894533,False,False
2024-11-06,31.22100067138672,2667.60009765625,105.08999633789062,False,False
2024-11-07,31.76499938964844,2698.39990234375,104.51000213623048,False,False
2024-11-08,31.358999252319336,2687.5,105.0,False,False
2024-11-11,30.540000915527344,2611.199951171875,105.54000091552734,False,False
2024-11-12,30.68600082397461,2600.0,106.0199966430664,False,False
2024-11-13,30.59000015258789,2580.800048828125,106.4800033569336,False,False
2024-11-14,30.507999420166016,2568.199951171875,106.66999816894533,False,False
2024-11-15,30.371000289916992,2565.699951171875,106.69000244140624,False,False
2024-11-18,31.163000106811523,2610.60009765625,106.27999877929688,False,False
2024-11-19,31.20800018310547,2627.10009765625,106.20999908447266,False,False
2024-11-20,30.95599937438965,2648.199951171875,106.68000030517578,False,False
2024-11-21,30.91200065612793,2672.10009765625,106.97000122070312,False,False
2024-11-22,31.30900001525879,2709.89990234375,107.48999786376952,False,False
2024-11-25,30.209999084472656,2616.800048828125,106.81999969482422,False,False
2024-11-26,30.38800048828125,2620.300048828125,107.01000213623048,False,False
2024-11-27,30.11100006103516,2639.89990234375,106.08000183105467,False,False
2024-11-29,30.684999465942383,2657.0,105.73999786376952,False,False
2024-12-02,30.448999404907227,2634.89990234375,106.4499969482422,False,False
2024-12-03,31.07699966430664,2644.699951171875,106.37000274658205,False,False
2024-12-04,31.5049991607666,2653.800048828125,106.33999633789062,False,False
2024-12-05,31.13400077819824,2626.60009765625,105.70999908447266,False,False
2024-12-06,31.18600082397461,2638.60009765625,105.97000122070312,False,False
2024-12-09,32.215999603271484,2664.89990234375,106.1500015258789,False,False
2024-12-10,32.362998962402344,2697.60009765625,106.4000015258789,False,False
2024-12-11,32.5620002746582,2733.800048828125,106.70999908447266,False,False
2024-12-12,31.22800064086914,2687.5,106.95999908447266,False,False
2024-12-13,30.655000686645508,2656.0,107.0,False,False
2024-12-16,30.69700050354004,2651.39990234375,106.86000061035156,False,False
2024-12-17,30.572999954223636,2644.39990234375,106.95999908447266,False,False
2024-12-18,30.40999984741211,2636.5,108.02999877929688,False,False
2024-12-19,29.0939998626709,2592.199951171875,108.41000366210938,False,False
2024-12-20,29.65999984741211,2628.699951171875,107.62000274658205,False,False
2024-12-23,29.88800048828125,2612.300048828125,108.04000091552734,False,False
2024-12-24,29.974000930786133,2620.0,108.26000213623048,False,False
2024-12-26,30.04700088500977,2638.800048828125,108.12999725341795,False,False
2024-12-27,29.655000686645508,2617.199951171875,108.0,False,False
2024-12-30,29.106000900268555,2606.10009765625,108.12999725341795,False,False
2024-12-31,28.940000534057617,2629.199951171875,108.48999786376952,False,False
2025-01-02,29.621999740600582,2658.89990234375,109.38999938964844,False,False
2025-01-03,29.80599975585937,2645.0,108.9499969482422,False,False
2025-01-06,30.34199905395508,2638.39990234375,108.26000213623048,False,False
2025-01-07,30.44700050354004,2656.699951171875,108.54000091552734,False,False
2025-01-08,30.45199966430664,2664.5,109.08999633789062,False,False
2025-01-09,30.791000366210938,2683.800048828125,109.18000030517578,False,False
2025-01-10,31.090999603271484,2708.5,109.6500015258789,False,False
2025-01-13,30.090999603271484,2673.5,109.95999908447266,False,False
2025-01-14,30.131999969482425,2677.5,109.2699966430664,False,False
2025-01-15,31.319000244140625,2712.5,109.08999633789062,False,False
2025-01-16,31.52300071716309,2746.39990234375,108.95999908447266,False,False
2025-01-17,30.951000213623047,2744.300048828125,109.3499984741211,False,False
2025-01-21,31.31100082397461,2755.0,108.05999755859376,False,False
2025-01-22,31.23900032043457,2767.60009765625,108.16999816894533,False,False
2025-01-23,30.67300033569336,2763.10009765625,108.0500030517578,False,False
2025-01-24,31.02300071716309,2777.300048828125,107.44000244140624,False,False
2025-01-27,30.253999710083008,2737.5,107.33999633789062,False,False
2025-01-28,30.726999282836918,2766.800048828125,107.87000274658205,False,False
2025-01-29,31.238000869750977,2769.10009765625,108.0,False,False
2025-01-30,32.36399841308594,2823.0,107.8000030517578,False,False
2025-01-31,32.12799835205078,2812.5,108.37000274658205,False,False
2025-02-03,32.391998291015625,2833.89990234375,108.98999786376952,False,False
2025-02-04,32.88800048828125,2853.300048828125,107.95999908447266,False,False
2025-02-05,32.85699844360352,2871.60009765625,107.58000183105467,False,False
2025-02-06,32.518001556396484,2856.0,107.69000244140624,False,False
2025-02-07,32.334999084472656,2867.300048828125,108.04000091552734,False,False
2025-02-10,32.391998291015625,2914.300048828125,108.31999969482422,False,False
2025-02-11,32.23099899291992,2912.5,107.95999908447266,False,False
2025-02-12,32.69499969482422,2909.0,107.94000244140624,False,False
